Title	Total Comments	Average Score	Positive Comments	Negative Comments	Neutral Comments	Key Points
It's been 11 Years today since release	202	35.91	84	48	70	GTA was and still is a great game. | Heâ€™s great! | It's Trevor from GTA V!
CONCORD will be taken offline Sept 6. Sales will cease and refunds will be issuedðŸš€ 	67	1988.43	23	30	14	There has to be one dude out there where this was totally his game. | (Nobody asked for this game. | If this was an Xbox game, the articles would be ruthless.
5 years after the original post, showing my Grandma playing Wii Fit every morning for 10 years, Im excited to update you that she is still going!! She wakes up every morning and does excercises to stay fit!! Almost at 16 years!!	311	26.32	173	22	116	Good for her! | That's awesome! | Go grandma.
Valve hands out gift wrapped bans in DotA2	101	364.33	43	20	38	How do they verify who's smurfing and who isn't? | Wait smurfing is banned in this game? | Smurfing?
GTA 6 TRAILER DROPPED NOW	58	1277.26	31	10	17	Looks good. | Looks incredible. | Florida: The Game As a native Florida man I canâ€™t wait for this game to drop!
Sony PlayStationâ€™s CEO Jim Ryan was at PlayStation London Studios 6 days ago. Yesterday, he announced the studio is being closed.	49	1310.98	25	15	9	you know itâ€™s bad news when the CEO comes to visit your workplace. | I didnâ€™t know there was a studio in London. | I didn't know there was a PlayStation studio in London.
Xbox revealed an official Deadpool controller with butt cheeks on the back	210	157.64	71	33	106	I want that controller. | This is a big ass controller. | Are we sure this isn't a Lady Deadpool controller?
PlayStation cancels plans to force Helldivers 2 players to link a PSN account	86	396.92	45	19	22	"Thatâ€™s a win. | HEY SONY! | Even if Sony is still ""Kusony""."
Opinion: The change of tone in Call of Duty was a disgrace	64	526.70	27	21	16	"TBH, it's all just video games. | I don't think you can have a ""respectful"" video game about war and still have that video game be fun. | People believing a video game is any real dedication for war dead."
Y'all have no idea the level of nostalgia which just hit me rn	194	45.21	97	37	60	I STILL look up old guides from GameFaqs. | GameFAQs is one of those. | Amazing guide.
Revive me please bro, I have the Raygun!	104	27.61	47	15	42	Great costume! | Great costume. | Omg this is so good !
I modded RDR2 so all wagons/horses go supersonic speed. It's now a horror game.	337	38.58	151	64	122	Thank you. | We have a wagon to stop. | So like.
Henry Cavill says heading up the Warhammer 40,000 cinematic universe is 'the greatest privilege of my professional career'	63	122.48	36	13	14	I wish they didnâ€™t boot him from the Witcher. | The Witcher. | If they donâ€™t, I hope Cavill walks out like he did with the Witcher.
when the game respects you and your time.	135	186.70	57	49	29	Which game is this? | What game is this? | What game is it?
In 2015, these two people became close friends on gta online, then met up in real life and took a picture in their favorite in-game location.	178	61.25	87	30	61	I like how it's just called GTA Online these days. | ðŸ¤” That's so cool!! | So cool Close friends ?
I made the ebony axe from Skyrim	201	25.75	109	23	69	That looks awesome! | Thatâ€™s so sick! | That looks awesome.
This new walking dead game should be illegal	64	433.84	28	15	21	"Itâ€™s GameMill. | They look like cheap look a likes. | Beth looks like like that ""I am not a cat"" meme."
Capture the flag days :(	162	129.56	63	55	44	The good old days. | What game? | It doesnâ€™t have to be dead.
Found at my parents house, my Pokemon Red cartridge with legit Mew with 14 y/o batteries still working in my Game Boy Pocket	172	72.47	69	40	63	What is the difference between Mew and legit Mew? | RIP mew(s). | Legit mew??
The Simpsons: Tapped Out is being sunsetted after 12 years	135	435.98	52	46	37	I still play this game. | I balled out in this game. | With that said, very fun game.
Battlefield 1 almost 8 years old and still looks better than most games released today	231	68.96	137	59	35	I still play it, its such a great game! | Love this game. | I loved that game.
Thanks to r/gaming, after 4 years of work, I finally found a publisher for my nostalgic helicopter game! (Cleared Hot)	154	82.09	79	30	45	DESERT STRIKE!!!!!!!!!!!!!!!!!!!!! | desert strike, jungle strike, nuclear strike. | Desert Strike!!
How to start world war 3	219	76.67	62	59	98	finally Half Life 3 Your all have phones right? | Does valve have mobile game? | Half Life 3: >!
Silent Hill 2 on PS2 (emulated at 8K) vs the remake	70	199.34	48	9	13	How well they did with the graphics of the remake. | Remake looks way darker The wind and fog in the remake is unmatched as good as the original is. | Is the remake worth it for someone who hasn't played it before?
Nintendo: stop copying us! 	147	184.05	61	34	52	It's a patent lawsuit. | But it's not about copying monsters. | That's it.
 Helldivers 2 Has Been Delisted From Over 100 Countries on Steam 	57	1498.82	21	22	14	Good job sony. | Sony is actually killing this game and the studios potential. | This is your doing Sony, dumb bastards.
Starfield has lost 97% of its Steam players in less than six months	47	964.21	18	23	6	Which game has more players now, Starfield or Skyrim? | Single player game with no replayability. | This game was terrible.
Netflix Closes Its All-Star AAA Video Game Studio, Which Made Zero Games	117	377.17	48	40	29	Netflix has a game studio? | I forgot they made a game studio. | Netflix had a video game studio?
Just Palworld things	52	322.17	23	14	15	It's not pokemon with guns. | Itâ€™s like PokÃ©mon, but edgy! | Are all 4 of these things in the game, or is it just jokes.
On this day 10 years ago, Twitch Plays Pokemon successfully beat its first Pokemon run.	107	230.59	49	20	38	It's been 10 years already? | 10 years? | 10 years!?
2K removes its pointless launcher from Civilization 6, while also announcing that Civilization 7 players will never have to suffer launching the game twice for no reason	145	140.09	56	39	50	Launch game. | Start game. | What is the point in a launcher?
I drew a NES exploded view	374	8.35	250	31	93	Love it. | Love it! | Amazing.
A bunch of 40 year olds just playing games at my house	195	89.40	79	31	85	40's or 50's? | Canâ€™t. | Lan Party!
South Park The Fractured but Whole still has the funniest difficulty setting in any game. 	99	355.32	46	25	28	this is the most challenging game there is for them. | That's why I love this game. | Itâ€™s a one off joke but it doesnâ€™t make the game harder.
Palworld developers respond, says it will fight Nintendo lawsuit â€˜to ensure indies arenâ€™t discouraged from pursuing ideasâ€™ 	54	419.43	26	21	7	Nintendo doesn't need a win here. | Nintendo isn't stupid. | Fuck Nintendo!
I just realized I basically have a 120GB poker game installed on my PC.	204	92.03	88	62	54	Just FYI the poker in this game is not good to play. | What game is this? | Is it really poker?
"Dragon Age creator says that if crunch is ""the only way"" to make massive games, ""maybe the industry deserves to die"""	116	176.90	48	45	23	Massive games? | The problem with crunch isn't just that it's abusive. | Crunch will go with it.
This is a $70 game ladies and gentlemen...	213	92.32	71	64	78	It's EA. | It's only a $70 game if you buy it for $70. | No, it's a $20 game that you bought for $70.
Never buying another Ubisoft game again.	149	233.78	62	53	34	Fuck Ubisoft. | You bought an ubisoft game. | Thatâ€™s it.
They always come back	72	249.51	37	25	10	"Steam rules tho Blizzard never ""left"" steam, because they were never on Steam to begin with? | What does Blizzard sell on steam? | Why's Blizzard there?"
Back to the good olâ€™ days :,)	314	15.83	149	60	105	It wasn't a *good* game, it was a *free* game that came with Windows. | I miss this game. | The thing about this is that you can still play this or any old game.
"Publishers are absolutely terrified ""preserved video games would be used for recreational purposes,"" so the US copyright office has struck down a major effort for game preservation"	191	248.54	87	62	42	But not video games? | Games. | the Strike games?
Life. Is. Good.	273	52.77	101	30	142	Waikiki? | Donâ€™t. | Drop.
Popular YouTuber and fallout/elder scrolls fan â€œMitten Squadâ€ has passed away at 27	197	90.67	72	91	34	RIP Paul. | Fuck. | RIP.
My Piper cosplay (Fallout 4)	226	8.76	152	19	55	You look awesome! | LOVE! | Piper?
The GTA trailer was nice but remember...	88	188.86	33	32	23	Itâ€™s rockstar. | Why would I preorder a 2027 game? | Iâ€™ll preorder if I want.
I miss the mid/late 2000s piss filter in video games 	154	172.95	62	49	43	I don't. | Ah yes, the piss filter. | People miss the piss filter?
I gotta say video game studios seems to have competitions to see who can make the best debra wilson model	91	163.16	50	25	16	What's the game for top left? | Which games are these? | I really like her in the Star Wars game.
First image from Fallout TV series	26	1176.31	12	8	6	"*

*Please don't fuck this up like Halo. | So thatâ€™s good. | There have been other images haven't there?"
How to Enter a Room	77	451.40	21	18	38	That's how they get you. | I **don't get** *Wukong* because I haven't played it. | I donâ€™t get it.
Friend gifted me Helldivers 2 on Steam but this popped up when I accepted	348	56.93	159	74	115	You have successfully failed. | task failed successfully Successfully failed! | Failed successfully!
Flappy Bird was removed from the App Store exactly 10 years ago...	134	151.43	47	38	49	Iâ€™m old arenâ€™t I? | Still have it on my iPhone. | I had this game.
Cake I put together today for my sons birthday. 	306	10.98	205	19	82	This cake is amazing! | Cake looks awesome. | Awesome cake!
This thing is sick!	231	83.50	63	42	126	Whereâ€™d you get it?? | Where can I get? | Did it make you whole?
'Halo' Canceled After Two Seasons at Paramount+	42	1730.00	11	19	12	This show had neither. | That's how you do it. | Make a ODST Show.
Very sneaky Bethesda	122	111.10	54	25	43	Can I get the PS5 update for free? | They are free tho? | I got it for free.
50,000 People Used to Live Here. Now It's a Ghost Town.	144	74.84	74	27	43	Good times. | Loved those maps. | I miss this map and the other gun maps like this!
Same developer. Same character. Same costume. 9 YEARS LATER. Batman Arkham Knight (2015) and Suicide Squad: Kill The Justice League (2024)	140	442.58	61	39	40	I like it better. | I like left more. | It looks like fondant.
Oh how the times have changed!	94	358.61	45	18	31	It's a good thing. | It wasn't just a sex scene. | It doesn't bother me if nudity is in games (as long as that's not all its about).
Cities Skylines 2 rushes to delete â€œWorst Rated DLC on Steamâ€, proceeds to break base game.	58	642.24	28	23	7	Paradox are a scourge to game developers now. | Fuck this game You were the chosen one. | It's an almost perfect game.
Big W PlayStation	97	173.57	49	31	17	How is this a W? | how is this a w? | How is having to re-buy a game a W?
Counter-Strike turns 25 today	76	212.16	49	12	15	CS was a groundbreaking game. | ICQ!!! | I remember playing CS when it was still a Half-Life mod and still beta phase.
"Since they're remastering and re-releasing OG Star Wars Battlefronts, they should also do the same with ""Return Of The King"""	231	31.18	99	56	76	This game was amazing. | Loved this game. | What a game!
The most useless button ever	159	79.96	45	52	62	"Same with EA launcher, I have to log in every time. | They don't believe you. | ""button"" Never not works for me."
Until Dawn Original vs. Remaster 	142	253.23	65	31	46	Not a remaster. | original vs remaster, AND YOU PUT THE REMASTER ON THE LEFT!?!?1? | You mean remaster vs original?
"""Just make great game and money will be pouring in!"""	43	706.40	20	16	7	Dead Space, Titanfall 2, Alien Isolation, and Alan Wake 2 are my favorite games of all time. | Then again, so is Titanfall 2 and Alien Isolation. | Titanfall 2 was fantastic.
My friend got me a carpet for my birthday 	202	20.23	95	32	75	Thatâ€™s a cool friend you got there. | Nice carpet. | Where can I  get that carpet?
â€˜Borderlandsâ€™ Movie Bombs With $8.8 Million Weekend, A Fourth Place Debut	64	932.03	28	22	14	Imo this movie should have been. | Didn't people see the trailers during the Deadpool movie? | Let's put a well known actor in the movie so it doesn't have to be good!
When the dead pixel on your game boy isnâ€™t exactly deadâ€¦	173	123.04	55	43	75	did you report the bug? | It's not a bug, it's a feature. | From then on, I had a dead bug in my panel.
AAA games have lost any and all creativity	95	462.89	41	27	27	Theyâ€™re just doing it wrong. | Itâ€™s a game. | Donâ€™t play those games?
Someone nuked Phil Spencers camp in Fallout 76	77	454.60	29	18	30	Who is Phil!? | Itâ€™s what we do. | Whos Phil Spencer?
Heard a loud clunk and she finally gave out. So many hours spent playing.	302	33.56	86	66	150	The hells with so much dust? | Choked on dust. | F RIP.
Why did vehicular combat as a genre die out. I miss Twisted Metal!	81	165.22	32	22	27	That game had me hooked. | that warhammer 40k game. | It's vehicular combat.
Highly rates games created in the small Swedish city of SkÃ¶vde was awarded plaques embedded in street.	145	83.18	95	21	29	Love that game! | Satisfactory! | all of these games are incredible.
On this day 22 years ago, Mafia was released	116	121.28	56	39	21	IMHO this is THE GAME. | Beautiful game. | Great game.
Valve says its 'not really fair to your customers' to create yearly iterations of something like the Steam Deck, instead it's waiting 'for a generational leap in compute without sacrificing battery life'	139	101.19	80	27	32	It's because they know the Steam Deck 2 will be their last. | But do you really own your steam deck? | That's not a handheld.
"I averaged 14 ""Best Games of All Time"" lists from the last five years together, and these are the results"	91	177.44	53	22	16	How does 1983 not have a top ranking game of any time? | Really interesting list. | Bogus list, no Factorio.
Iâ€™m happy to show you my Borderlands 3 Moxxi cosplay, which took me 350 hours to makeðŸ’”	324	11.40	228	26	70	Amazing. | Amazing! | Looks amazing!
Best selling games on each Nintendo console	89	129.84	56	17	16	arenâ€™t? | But wii sports came with the wii ðŸ¤”. | Pack in games shouldnâ€™t count.
This is what one of the prototype of Sea Of Thieves looked like	246	66.08	88	38	120	Is it a game? | Sea of beans. | Sea of Beans, when?
Tekken director asks why Americans want Waffle House to be a stage in Tekken 8	97	217.80	42	21	34	But that's not all Waffle House is. | That same Waffle House. | Waffle House.
This is a paid skin from Suicide Squad 	241	165.11	62	77	102	Whatâ€™d they do? | Freeze. | Freeze?
It sure seems like the times have changed...	154	106.49	82	46	26	iâ€™m old. | Itâ€™s still the same. | Because the game has changed.
"John ""Totalbiscuit"" Bain homage in the W40k: Space Marine 2 Credits"	108	193.44	59	28	21	RIP TB. | RIP. | RIP TB I miss TB.
Activision Blizzard is reportedly already making games with AI, and has already sold an AI skin in Warzone. And yes, people have been laid off.	131	168.25	57	41	33	What's an AI skin? | AI replaces devs? | People don't realize other games have been using AI.
No Manâ€™s Sky 2016 vs 2024 Graphics Comparison	136	173.64	58	49	29	Great game still though! | I still like playing the base game. | I was 31 when this game came out?
Ubisoft revoking licenses for The Crew, preventing owners who paid for the game from installing it.	133	215.71	46	50	37	Fuck Ubisoft. | Sigh :/ Yeah, don't buy Ubisoft games. | Ubisoft being Ubisoft.
Dragonâ€™s Dogma 2 has the craziest Character Creation Iâ€™ve ever seen!!	294	34.13	86	49	159	Pikachu at homeâ€¦. | I don't like it. | It's identical to pikachu.
Borderlands is failing already.	56	880.71	26	21	9	"Like why wouldn't play the game your making a movie about? | Now that doesnâ€™t mean Iâ€™m condoning any of this. | >â€¦not making a movie for gamersâ€¦

Remember the Warcraft movie?"
RTX before it was cool 	101	49.72	46	19	36	Honestly, cool game but way too much water. | Those were some games man. | That looks cool what game is that?
Until Dawn but the wendigo is Kermit (mod) 	87	62.76	37	23	27	Great game. | This is so much more terrifying Wait, there's a wendigo in that game?! | Is this game good?
The Bloodborne fans have been tested beyond measure	225	38.56	104	60	61	Remaster remaster remaster! | A Horizon remaster? | Why game x getâ€™s a remaster while Bloodborne doesnâ€™t until now?
The games industry is undergoing a 'generational change,' says Epic CEO Tim Sweeney: 'A lot of games are released with high budgets, and they're not selling'	75	864.84	42	26	7	Make good games. | GAMES. | What about making fun games?
PS5 Users Spent More Time Playing Single-Player Games Than Multiplayer Ones	115	149.74	54	45	16	Multiplayer games all feel the same to me. | I never play multiplayer games. | The only multiplayer games I play anymore are racing games.
Steam now requires developers to tell people when their games have kernel mode anticheat	88	115.81	45	23	20	Good. | **Good. | Very good.
Where it all went wrong	73	129.77	31	27	15	If you don't want it, don't get it!!! | Don't buy. | What game is this?
Metal case after 20 years	296	45.91	135	49	112	That looks so metal! | Looks the same with rust. | Mine looks the same!
"Bungie CEO faces backlash after announcing 220 employees will be laid off|
Pete Parsons has spent $2.4 million on classic cars since Sony acquired Bungie"	109	168.53	56	33	20	I donâ€™t give a shit how people spend their own money. | CEO is spending his own money? | I doubt he's spending the company's money.
Lack Of Interest In The PS5 Pro Is Forcing Scalpers To Sell Them For A Loss	274	109.16	140	51	83	Good. | The PS5 Pro is out? | Itâ€™s out?
Nintendo sues Pal World	69	596.19	26	26	17	So if Nintendo wins, what would happen? | God I hate Nintendo. | Fuck Nintendo Nintengofuckyourself.
found out riot gives vp for fan art wish me luck	79	71.66	36	8	35	I was 64 VP short, sent a ticket and they said if itâ€™s over 60 they wonâ€™t give it. | Their max is 60 vp. | Did you get it?
Skye's new ability	91	75.63	26	19	46	A leaf can change the game ðŸ¤£ðŸ¤£ðŸ¤£ This is why I play on low settings. | Skye is from leaf village The fallen leaves tell a story. | Why you camping in dm ðŸ˜† Why you playing there in dm ?
Vice Presidential Candidate Tim Walz supports Valorant Esports.	88	64.14	44	8	36	Aw that's so nice!! | I like this guy. | Good for them.
i need 1VP for the oni vandal... fanart for VP?	27	140.33	7	5	15	I WANT THAT AS A STICKER PLEAAAASE This happened to me on Overwatch and it took them three months to tell me â€œno, we canâ€™t give you 1 coin.â€ How does that happen to begin with Valorant give him 1 VP please Theres a oni vandal?!?!??? | Sounds like dog, looks like dog, feels like dog. | Just a bad skin overall.
some interesting peek that i made	60	42.50	18	14	28	way. | I didn't know a sheriff could do that too. | Isn't this just a crab peak?
My boyfriend told me riot sometimes trades VP for fan-art so I gave it a try! wish me luck too :)) inspired by u/accidentalmistake12	63	55.73	33	8	22	They give you max 50 VP for an artwork. | So cute. | Hope you get it!
New redbull can	75	18.45	22	10	43	die kommen so nach DE? | auch andere Versionen? | warte was?
my teammate just had the best 1v1 in all of valorant	120	49.15	40	15	65	So weâ€™re in console asc lol Is he playing on his laptop using the touchpad? | Do console episode buddies cross over to PC? | I wish ðŸ˜‚ console radiant Console gameplay without saying itâ€™s console gameplay Iâ€™ve been in a very similar situation like this on pc, I was low on hp and I whiffed so much that I reloaded my gun and somehow got the kill.
interesting strat you can try with your duo	37	57.41	14	11	12	But shit is freaking funny af ðŸ˜‚ðŸ˜‚ðŸ˜‚ Don't quit college, dummy. | I love being an Astra main on Controller. | ðŸ¤£ðŸ¤£ðŸ¤£ðŸ¤£ quiting college at 10k is crazy bro Atleast it doesn't miss like raze's ult Wait what ?
Got disconnected mid round, needless to say it was hilarious.	16	149.44	4	4	8	That's Chamber's queue time My game froze on countdown into a game left it ages didn't load or resynch and shut it off.....7day comp ban seems legit for your game breaking i hope u won thatðŸ˜­ omg Chamber really did the Cha Cha Slide I got dc'd on overtime match point in comp a couple weeks ago and came back just in time to finish buy phase with no guns. | I get dc'd all the time on console, but it has never happened when I play on pc. | Chamber is going to kill you in 3 working days.
"Horrorant - I was told the site is ""clear"" "	59	75.81	15	19	25	Site looks clear to me! | top is not the site. | The site was clear top was not.
Would you guys use this ghost skin? (Made by me in krita)	159	28.28	46	19	94	"Ghoost Only if it honks when firing Honk

Honk

Honk

Honk

Honk honk honk honk! | Would I buy it? | I would."
is this a new way to gekko twerk? 	35	59.06	7	5	23	"Switching between Dizzy and Wingman and put mouse up & down I think it's done by alternating dizzy and wingman with a specific timing. | Equip Dizzy

2. | After holding dizzy for ~1.5 seconds, swap to wingman and then instantly swap back to dizzy (twerking only works during the dizzy equip animation."
Here's what happens when two Iso ult at the same time. :D	41	114.93	8	11	22	"""Where is he? | Could you explain why your game looks like that, please? | Shouldn't be like that!"
I made ION OPERATOR in real live out of EVA Foam	71	16.03	37	11	23	This is awesome! | That is so cool. | Awesome job!
POV: You just bought a skin (by me)	59	31.98	31	17	11	"How am I just now seeing this Need the follow up where they throw for the rest of the game because you didn't give it to them. | And if you donâ€™t give it to them they throw the game - Request vandal
- let them buy it
- throw the skin off the map
- ? | Honestly, I don't get the skins thing for guns."
Tried to make trash in blender	62	69.77	21	4	37	Thwash What have you made bro, trash doesn't look like this!! | Cuteee, looks like sashimi DO NOT CALL IT TRASH! | HOW DARE U CALL HIM TRASH.
We made an LED integration that shows you the stages of the spike on your RGB devices!	43	45.58	16	13	14	"and can you get banned from using it? | This is cool! | ""Unable to create account"" is all I get there."
Soo, i got jumpscared... dont know how i did it	55	120.91	19	7	29	This game is a horror game. | a single frame. | Lmao!
Thrash replaced with knife in equip animation	50	46.56	22	9	19	"ngl this would make a cool inspect animation for a knife skin Cool, I didn't know Gekko was 1% British. | Looks like the cs falchion knife inspect lol ""It's all on you little knifey"" When my ping is high it does this animation with my weapon that I'm holding. | The Thrash knife could come with some epic effects too."
Hot take: Bring back the old skin preview. Like if I want to see the knife, I will open the knife. If I want to see cool pre-aim headshots, I will go to YouTube. Just show me the gun and only the gun please...	121	37.58	51	31	39	Why is the skin preview a video to begin with? | This is the skin preview. | Not the animation preview.
Reyna is a failure of game design	238	27.90	97	91	50	What can Reyna do? | Reyna is useless. | That's it Bro has been hurt by Reyna.
My dad disowned me for getting the new bundle.	107	54.64	44	21	42	I am still trying to get back to the house but i still can't convince my dad that i am not a furry. | i disown u too Deserved if this is real i'm genuinely sorry Based Your dad is a good dad. | Dont buy gay or girly skins if you are f ing Man XD W dad shouldn't have bought the bundle then lol I am furry and I like this bundle.
New iso ult tech	19	339.68	7	5	7	Iso ulted Yoru being on ult, and the invisibility somehow stays even in Iso domain and somehow the invisible Yoru can shoot the gun, but the Iso won the duel regardless? | The fact you still got him is hilarious Bro actually killed John Cena and got the free Baltimore treatment as a reward lmao ðŸ˜­ Why did you ult Is it common? | Btw, iso's ult can pick up Yoru's clone and do absolutely nothing How is iso's ult even an advantage like how it is even an ultimate bro??
POV: Reyna didnâ€™t get your skin (by me)	22	63.77	11	6	5	Match chat canon in valorant. | Any pinoys who get rejected for begging skin will throw and antagonize you. | People thowing angers me so hard Literally in a match right now as a Reyna is doing this 90% Reynaâ€™s are right and some of yâ€™all shouldnâ€™t get ranked that high ðŸ˜ðŸ˜‚
Hit this a while ago but no sound unfortunately 	54	41.02	22	9	23	"actual good clip from this subreddit damn It's okay if there's no sound, you got fade ulted, there wasn't going to be sound anyways *sheeeeeesh* ðŸ˜© Damn nice shots Wait, I didn't see your knife can you take it out again? | -Post says no sound

-OP got hit by Fade ult

Understandable, have a nice day. | This clip alone makes me want to play valorant again Really nice shots, clean asf."
The end for my journey, and my dream	108	21.72	71	24	13	Donâ€™t give up! | And Iâ€™m sorry youâ€™re going through that. | So find whatâ€™s special in yours.
Easiest Ace Ever	33	85.48	11	9	13	"people don't usually understand how damn long is brim molly
(nice ace!) | Nice ace 9-11 ðŸ¥° Interesting name you got there. | bro aced while in heaven nice ace bruh And they try to convince me Brim is the most useless agentâ€¦ Wow thatâ€™s crazy And the spike was half Nice ace!"
Knife only 4k	42	82.62	11	8	23	There's a reason it's 10-2. | IRON! | Congrats killing in a killing game M!;.!.
This is how console aim assist works	82	33.99	38	20	24	I got killed by someone with aim assist when I also having an aim assist T.T. | nah i need warzone aim assist exactly as aim assist should be in every fps gameâ€¦ This is how aim assist should in all games. | Just remove AIM assist.
chamber is the new olympic winner (by me)	19	45.79	11	1	7	Skye break dancing next? | There's literally a asian girl in a black coat who I swear for some reason looks like she's doing Iso's pose in this same category lmao. | I found funny that 2028 It's gonna be in LA.
Friend got a first of its kind 7k in comp today!	35	67.06	15	10	10	First of it's kind? | Could be jett or reyna doesnâ€™t matter (if you canâ€™t look at the kill feed mid round). | What matters is that theyâ€™re heaven.
Don't use right click to destroy sage wall	66	37.68	40	8	18	Right click. | Right click again. | Why is the right click timer on the left and the left click timer on the right?
My very first attempt at this Omen Night Lamp.	50	10.86	23	8	19	And where can I buy one lmfaooo. | WTF I WANT ONE That sick Baggggggg! | WHERE CAN I GET ONE?
About Woohoojin	226	58.86	104	64	58	And he was SO cocky about being radiant. | Expectations were for a Radiant coach, not a NOT Radiant coach. | (it's not!)
A lil rightclick ace	68	50.37	37	12	19	That classic is a classic. | Classic right click is just rng that's an actual nice ace on this sub My classic don't do that when I'm standing right in front of them. | Holy I forgot about the kingdom classic.
Well thatâ€™s awkward	33	83.79	10	6	17	did your team avenge you How many did u get there? | Narrow area and u have a judge. | NAH I'D WIN.....
Eco round in Abyss (by me)	24	70.54	14	0	10	Even on kill feed. | Very cute. | If it is allowed by riot for some reason, then shame is on RIOT.
Tenz is quitting pro play	113	106.85	33	21	59	Saw someone fall onto his knees at Walmart. | iâ€™m gutted Just got on my knees for someone in Walmart. | Just saw a guy watch another guy fall to his knees in Walmart.
Val skin previews are getting out of hand	25	59.64	9	4	12	Shouldâ€™ve been me Bro got neo frontier in his shop , talk about being lucky ;) A1 advertising Ok but what an insane shop I thought this was gonna be about how the skin preview dude is absolutely cracked again, that caught me off guard xD why is that scene so familiar to me? | ðŸ—¿ Internal Heal +120 Holy eye contactsðŸ¥µ New heal animation kinda wild disappointed to wake up to a big account stealing my content and posting it as their own. | Idk why Bro I just had rgx vandal in my store, they have to do it on purpose lol If only we had those helmets from SAO ðŸ¥² omg my friend got caped what the hell This is edited.
Never trusting a Phoenix again	44	73.75	12	16	16	The Amish are not that smart Classic instalock phoenix Phoenix players are so infuriating by how they can and DO sabotage your games sometimes. | Kinda makes me wanna learn phoenix just to be a non-toxic phoenix on a team. | New player here, so Phoenix's abilities damage you?
Playing for time	14	63.79	8	0	6	Utility usage 100%. | Deserve radiant# -1 Amazing, if only Brim still had util I absolutely love this and I donâ€™t know why Who knew the sova drone had so much swag i will 100% do the yoru clone next time lmao That raze satchel was cleeeean I love the side eyes Brim occasionally does as an idle animation. | Amazing work!!!
Not a player but felt like drawing one of the agents (Fade by me)	44	13.34	30	2	12	Sick art That is a cute depiction. | Please keep up the amazing work! | I main fade Wow, the eyes!!!
Warning shots 	25	111.16	13	0	12	"Ace âŒ

meow meow meow meow âœ… I like the meow meow meow meow ðŸ˜‚ *SHEEEEEESH* ðŸ˜© warning magazine Nice! | Damn, why they wanna stick me for my paper? | Phantom ?ðŸ˜­"
When you switch from playing Doom to Valorant	27	60.96	11	3	13	DUDE nice play! | I love deadlock  so much so many clutches and fun to play Winable Nice ace! | Nice retake Damn now I want to play doom I approve.
Been practicing on aim labs for the past week and got this!!	69	51.32	31	6	32	"I don't think that's aimlabs. | Aimlabs to spray Odin? | Lmfao aimlabs has nothing to do with this

/s Odin players ðŸ™ƒ Aimlabs can t save you."
BROKEN Gekko Lineup on Sunset (must watch)	23	67.35	5	4	14	Why don't pro basketball players use lineups? | We all know Gekko is bad at basketball so I made a lineup that makes him less bad. | Why did the devs just leave that there.
2 Second Valorant Round	25	59.92	7	7	11	isn't this a world record? | Crazy clip, well done! | Really my eyes can't believe ðŸ˜­ thats crazy!
I'm blocking my entire stack	46	119.50	16	13	17	It's always the Jett mains. | Even randoms don't do this that's infuriating Fuck that Jett Fucking Jett. | I don't understand.
My Sage Cosplay	27	10.30	10	0	17	This is Sage irl SAGE?!?! | Cosplay? | Looks great Looks Great!
I've never played FPS games until my friends made me download Val and hit this shot the other night	57	62.02	25	8	24	">my friends made me download Val


This is assault. | Welcome to Valorant nice! | Back like I never left!"
so valorant found my clip and turned it into a player-card	42	77.76	29	6	7	Awesome!! | Awesome clip btw! | Very cool!
Big Brain Sage Wall for Pearl	33	53.61	17	4	12	"Really cool, but Sage getting to that spot alive will be rare. | I like it. | Not once has it happened to me in a game xD Cool wall, I just worry by the time you get there itâ€™ll just be

â€œSpike Defusedâ€ I don't know who's the inventor of this but I always see this type of play with grim ðŸ˜‚ Have seen this before pretty sure he didnâ€™t find this himself very cool spot tho That guy must be thinking you are a hacker XD omfg They need to do something about her wall like ran a marathon for that but it was worth it This has been a wall since the map came out, but still fun when you pull it off Wait why is the heal showing first, shouldn't it be wall first?"
Why can everyone in IRON 2 one tap me in a nanosecond?!	241	35.34	99	82	60	Very few in iron are actually iron. | Smurf. | Yeah thatâ€™s a smurf.
My Skye cosplay from Valorant 	52	8.00	20	4	28	Flash b main I'm pushing out Looks good! | OPEN up the Skye! | Not enough muscles good very good FLASHING!
I canâ€™t unhear Brimâ€™s ult and itâ€™s affecting my gameplay	40	97.28	11	11	18	"In Portuguese whenever he places the smokes he shouts â€œFUMAÃ‡A ATIVAâ€ which means â€œsmokes activatedâ€ but it seems like â€œfumar sativaâ€ which means â€œsmoke sativaâ€

fun guy to be around for sure â€œOPEN UP THE SKYE â€œ For me it's phoenix ult: JOE KSOVAH, YOURE DEAD You wanna play? | Lintik kayo!"" | Wash dish I always yell â€œopen up these thighsâ€ Iâ€™m surprised no oneâ€™s mentioned Vyseâ€™s â€œrippinâ€™ n tearinâ€™!â€ Tagging this as educational is crazy ;-; For me it's ""there you are, little sheep"" from jett, always here ""there you are, little sh\*t"" Anybody else keep hearing the â€œbing chillingâ€ voice line of gekko??"
I dont like sages	41	64.76	14	12	15	"Util's cheap enough anyway Deserved What is a pocket sage? | I never heard this type of sage Good util usage Fr fuck sage We don't like you either Got that â€œwicked witchâ€ ahh laugh worth Same 

And well done commarad proud of ya Bro is a menacing Guys I think he has pure hatred toward Sage Poor sageðŸ˜‚ Why is every sage player gay? | That felt good looking that sage move the gun ðŸ˜‚"
Once in a lifetime Deathmatch	21	80.19	9	5	7	I swear the impression it gives is that everyone stopped just to watch Iso and Chamber fight one-on-one to the death lmao The first rule of fight clubâ€¦ I've had a match like this like 2-3 before, it was so fun. | ðŸ˜‚ if you decide and everyone is good then it's everytime. | Sometimes everyone passes the vibe check Chamber and Iso look like theyâ€™re showing each other the crazy shit theyâ€™ve made.
I love how arrogant sentinelsâ€™ official description is lmao	31	164.48	13	9	9	"Cloud9:

""The Yamcha of Valorant. | That's all you need to know."" | SEN City!!"
VALORANT to bring in Ranked Rollback; RR lost to cheaters will be reverted back after cheaters are detected	52	45.13	22	12	18	Itâ€™s all the cheaters fault Just like faceit in cs. | how often is everyone getting cheaters? | Good.
pick â€˜ems went crazy	68	34.46	43	5	20	I finished top 4%! | I was in the top 1% I finished top 1% ðŸ˜„ There should be a title for this as well. | not to brag but i got top 12%ðŸ¥±
Omen entry tutorial	45	53.84	18	13	14	Lmao Lmao I thought it was a joke video at first until I saw the other players, 10/10 video. | Not even Omen's fault, where's his entry fragger? | You need his smokes all the way in the round, so you can go and enter first, that too with smokes like those.
The moment my game turned into a screensaver	37	51.59	9	16	12	That's when you know it's time to get off the game for the day. | is this what bronze lobbies are like? | It's mental destroying.
Deadlock net dodge	17	144.76	5	6	6	"Ok we tried it a little bit more and for some reason it only worked with astra, and only worked in the spawns
Might be a skill issue tho 5 yo me thinking I can jump the last second when the plane falls: cant wait until this is declared as a bug and gets removed lmao elden ring I knew it was possible to jump but I thought the timing was impossible you don't stay enough time in air without Jett, but you just proved me wrong Ngl, I read Deadlock on my feed and thought about the game before the agent. | guys deadlock is officialy useless again!!!! | i thought this was about deadlock but its valorant."
1 hp ace clutch	33	50.97	13	5	15	Nice ace tho, got the power of neo dodgin all them bullets. | NG TAGALOG. | NGL Super ace.
Why does Harbor tell the enemy team how to dodge his ULT?	104	81.66	43	24	37	"He's mocking them. | Itâ€™s like: â€œIâ€™m bout to kill you! | ""Get out of my way""
""Scatter""
""I know exactly where you are""
""She's still gunning for ya"" 
""You should run""

Etc etc etc."
Outlaw has no ADS recoil	60	50.27	26	6	28	Good to know! | Its been like this since the gun was released. | Actually it does have recoil, hence the gun pointing up after each shot.
My Killjoy cosplay!  	51	7.55	27	6	18	That Prime Vandal looks fucking sick Wow, amazing job, looks awesome! | How much for the prime vandal I want.... | you look amazing Where oh where did you get that prime vandal?!
DM spawns are not random #rampage	65	66.63	25	17	23	It has always been like this in Deathmatch. | This game has one of the worst spawn protection for a DM. | I like it!
Welcome to my world!! [My Viper Cosplay] 	28	5.43	15	4	9	xD Are you actually a viper main? | It looks incredible. | mask looks sick!
I made a crochet wingman (I have never played valorant)	27	21.07	12	3	12	Looks awesome! | i only see pikachu's disabled relative Why's it looks like wingman's hairline is receding ðŸ˜­ I love it but it just cracks me up That looks great! | You are very talented Wingman for the win!
I've never seen more util be used in one place	90	46.23	33	17	40	"THE FADE EYE LANDED ON THE SKYE FLASH Peak valorant You're lucky Breach held back... | ""Are you sure it's A?"" | I feel like you get one there."
The Jett probably did not expect that	23	103.43	11	1	11	"Dont look at the score Precise gunplay Still losing the war but won the battle 13-11 you heard it here first Pure skill Haters will say its all luck Jett's pov would have been epic Lore accurate KAYO. | Gotta kill all the radiants himself. | sometimes you just gotta let em know â€œWhat are you doing?â€

*loud Halo music starts*

â€œFinishing the fight, sir.â€ Lmao Daym bro can't imagine the look on that Jett player's face jett cloud perfectly blocking the flash (even though omen died right before anyways) is actually really impressive and cool lmao Damn how to be you????"
I actually cant with these ranked teammates 	30	64.13	11	10	9	So itâ€™s beneficial. | Afaik, you donâ€™t get any bonus for knifing someone. | You canâ€™t even be mad lmao.
I may be Iron rank but I still want to paint my experiences as a player ðŸ¥¹	67	15.27	44	8	15	"I love it Lmfao you might be a iron at the game, but you are a radiant at art. | Iron in valorant


Radiant in painting This is amazing. | Iron as a player."
Is this the world fastes knife kill in Valorant? (4 seconds)	34	121.68	7	5	22	"""They nerfed Raze so hard"", - they screamed. | Raze: starts shooting 
Omen: doesn't know but also freaks out and starts shooting cuz of raze
Reyna : RUN My smoll knife won't do this WTF ðŸ˜‚
Imagine both you and enemy raze will double jump at the same time and knife her will be the fastest. | Nah this is the fastest throw in Valorant."
Wouldn't it be cool if these gave free gun buddies?	24	31.62	11	6	7	"I need that, where did you get that? | are these still out? | ""Killjoy // Redbull"" buddy it would be insane, we need that!"
Has anyone seen Sova ult shoot inside ISO ult before? 	30	86.03	13	4	13	All that to say, sure if sova ult goes in that direction it could end up in your FOV. | hahahaha that was epic, he got a shot even though he gets to be silenced inside Iso's Ult At least you didnâ€™t ULT yorus decoy. | lol Just out of curiosity what's your rank?
ISO thought he was making a 200 IQ move	24	120.79	9	6	9	Shouldn't that disabled it since gekko technically isn't in the game at the moment? | It was a good try, but wingman isnâ€™t a permanent turret so it doesnâ€™t get disabled by killing gekko Looked like wingman defused before gekko got killed. | What would have happened if gekko got killed first?
crazy shot whilst having black market butterfly knife	26	62.35	10	4	12	"Damn Sapphire knife + 3K collat. | Might have used all of your remaining luck for the year Bro used 10 years worth of luck Dam the stars aligned, cool shot Where can i buy that confidence sir? | Sapharire knife plus triple collat is crazy ns but why not cut the clip Orospu cocugu fade Ofc there's that one weird ""that's so sexy"" mfer How did you get that knife?"
Double Jett (Animated by me)	27	26.19	14	3	10	"The Yamcha pose at the end got me lmao Well Yoru did say he wanted one of jetts knives I guess Basically my duelists gameplay The fact that Yoru was there the whole time literally doing nothing to help Jett win the clutch sums up my matches in Iron 2 so well lmao

Your artstyle is cool, good job! | Not the yamcha pose ðŸ˜­ Lol I was expecting they would wip out their knifes for a knife fight, super cool animation with even a twist at the end Okay the characters look cute,maybe start a whole channel based on that Not the yamcha yoruðŸ˜­ the end! | Love the character design Yoru got the knife for his collection Gotta save this one I love the adorable faces, suits a Jett main really well

But overall, cute it's wonderful."
POV: Your teammate chose Clove for the ult (by me)	23	69.70	11	7	5	I choose Clove so I can be useful while dead. | My mate used to Brim main and Clove myself. | :3 For the ult?
Urban Art of Phoenix in my block	16	25.19	10	3	3	"so cool

wish my city had more murals Dude what?? | This is sick! | This is so awesome."
Riot is bringing VALORANT to consoles, beta testing starts soon	162	35.77	70	23	69	Will you be able to play controller on PC? | So is it console KBM or console controller? | Can I play it with a controller on PC?
What is your favourite shotgun and why is it the OP?	43	65.09	18	12	13	Sage and Clove vs OP, 2 v 1. | Watching the entryway when they know OP has op, but Sage was clutching so hard with the wall. | OP got lucky with both being aligned and won the round.
invisible enemies I want my RR back	69	55.86	18	15	36	Valorant: schizophrenia update. | Schizophrenia update? | I have to restart my game to have it fixed.
Kay-O and Viper Cosplay by me and my friend 	31	13.06	14	3	14	Both of you look very nice. | Both look so well done. | All is fine but why did viper Molly there?
Auto-Tracking Raze Showstopper???	59	77.73	20	10	29	It knows this because it knows where it isn't. | Consequently, the position where it is, is now the position that it wasn't, and it follows that the position that it was, is now the position that it isn't. | In the event that the position that it is in is not the position that it wasn't, the system has acquired a variation, the variation being the difference between where the missile is, and where it wasn't.
How I got the Riot Gun Buddy Today	33	72.06	22	2	9	Congrats! | I literally played against a team of 5 with all of their vandal/phantom have riot buddy ðŸ¤£ I'm like is there an event where they give riot buddy now????? | Congratulations on the Buddy though!
Found some insane abyss tech	21	110.29	9	4	8	It's a nice funfact if anything, not really worth much gameplay-wise for more than one round. | Still cool tho Imagine the callout that jett is flank while you're holding all chokepoints lol So much util but I know my ranked teammates would still do this for one kill ðŸ’€ That's why team work s important. | Fun and cool yes.
Tenz and kyadae really are a power couple 	17	93.71	6	1	10	"Tenz and kyadae at home: AI generated Tenz and Kyedae that actually looks exactly like her what Kyegae (bottom left) More like kynight and Ninez Tense and cryde LMAO tenz and kyadae from temu We have Tenz and Kyedae at home. | Tenz and Kyedae at home: Elevenz & Kyle TBH I didn't recognize it. | we got Kyade and tenz at home 

Kyade and tenz which are at home: â€œâ€kyedaeâ€â€ on the right looks like tenz trying to cosplay kyedae ðŸ˜­ðŸ˜­ Otenz and kyagae"
Rate my Silver 2 gameplay, pardon my aim but bless my game sense	65	41.03	36	8	21	"This was a crazy clip lol I'm gonna try that in diamond lol

Not the boosting viper part but viper ult + sage wall to get on top of yellow Okay, that was pretty smart to use your wall to kill the viper. | The reload after viper kill. | They seem to counter my play effortlessly and perfectly every time."
How did I get 2 ultimates?!?!??	55	72.60	17	19	19	Iâ€™ve seen this before, for some reason Iâ€™ve only seen Skye being able to ult twice in a round. | You donâ€™t kill with abilities. | i clipped a game where this happened too.
The True Valorant User Experience	40	43.85	10	9	21	All Iâ€™m seeing is a successful round. | And then he blamed us for every round we lost Real Bro didnâ€™t see a single one of them coming Idk man that's kinda on you for keeping your eyes open i miss the fracture all that blind...... and just to die at the end is so................ hahahahahha Not enough Yoru flash > Phoenix flash > Skye flash > Omen blind > Yoru flash > Skye flash > dead, but it's pretty close. | At some point you just gotta play anti flash and hide away from your problems Bro are you going to at least try to dodge one lmao Bro did not dodge a single flash lmfao.
AverageJonas just announced he is quitting VALORANT permenately	127	55.31	43	39	45	The game is too stale. | Donâ€™t play one game. | Play a few.
Million dollar move, ten cent finish	44	57.59	11	7	26	Maybe Iâ€™ve been too harsh on myself. | Thatâ€™s brutal man. | Thereâ€™s no wayâ€¦if this isnâ€™t ironâ€¦.
Made a Riot Gun Buddy because I will probably never get one in-game :]	29	64.07	10	6	13	How to get it in game?? | Whatâ€™s special about this one? | Why wonâ€™t you get one in game?
Does Phoenix know Clove can resurrect themselves?	23	136.22	9	4	10	"Clove has a line some thing like ""me and phoenix on the same team? | I don't know how valorant manages which line to play, but maybe it's like this:

Clove is at 1 point from ult. | You kill the clove
The game plays the line
she gets the last point."
Valorant offers FREE rewards, here how to redeem them	39	22.08	15	6	18	"Thanks in advance! | *** It just says for me ""Unlocked utem(s)"" UNKNOWN Thanks bro! | Thanks op!"
Fastest 5v2 loss ever recorded	22	89.27	11	1	10	So this clip was posted by a Dolphin? | I have a pretty similar clip, but it was just me. | Jett breaks tree door pushes them with a vandal and dies to a classic giving them a free vandal after I even warned her donâ€™t push thereâ€™s no need enemy jett ends up picking up the vandal and dropping sheriff to cypher and against 2 spectres and a sheriff the round was lost Lol the defensive going hard offense should be easily punishable.
